Timestamp,CPU_Percent,Core_Count
2025-07-13 15:15:02.732032,2.8,12
2025-07-13 15:15:05.803709,0.9,12
2025-07-13 15:15:08.859940,2.1,12
2025-07-13 15:15:11.896085,2.3,12
2025-07-13 15:15:14.926421,4.3,12
2025-07-13 15:15:17.964505,1.4,12
2025-07-13 15:15:20.994137,1.8,12
2025-07-13 15:15:24.031911,9.1,12
2025-07-13 15:15:27.061985,1.5,12
2025-07-13 15:15:30.095339,2.4,12
2025-07-13 15:15:33.129131,2.8,12
2025-07-13 15:15:36.169769,6.6,12
2025-07-13 15:15:39.242588,1.0,12
2025-07-13 15:15:42.323011,6.9,12
2025-07-13 15:15:45.365275,1.5,12
2025-07-13 15:15:48.403785,2.8,12
2025-07-13 15:15:51.434850,5.6,12
2025-07-13 15:15:54.476459,2.2,12
2025-07-13 15:15:57.521144,1.8,12
2025-07-13 15:16:00.564987,2.7,12
2025-07-13 15:16:03.601808,2.1,12
2025-07-13 15:16:06.643126,2.6,12
2025-07-13 15:16:09.681863,9.4,12
2025-07-13 15:16:12.718618,3.1,12
2025-07-13 15:16:15.762115,2.4,12
2025-07-13 15:16:18.796587,5.3,12
2025-07-13 15:16:21.839920,1.5,12
2025-07-13 15:16:24.884221,4.9,12
2025-07-13 15:16:27.912312,1.4,12
2025-07-13 15:16:30.958033,2.3,12
2025-07-13 15:16:33.995220,4.5,12
2025-07-13 15:16:37.024918,2.0,12
2025-07-13 15:16:40.057613,2.7,12
2025-07-13 15:16:43.095349,2.8,12
2025-07-13 15:16:46.117765,8.3,12
2025-07-13 15:16:49.134802,1.7,12
2025-07-13 15:16:52.183513,2.4,12
2025-07-13 15:16:55.213587,5.6,12
2025-07-13 15:16:58.251887,0.8,12
2025-07-13 15:17:01.307601,1.5,12
2025-07-13 15:17:04.401555,7.9,12
2025-07-13 15:17:07.427327,2.4,12
2025-07-13 15:17:10.462851,1.7,12
2025-07-13 15:17:13.489364,1.2,12
2025-07-13 15:17:16.544596,1.8,12
2025-07-13 15:17:19.571249,2.8,12
2025-07-13 15:17:22.598714,2.7,12
2025-07-13 15:17:25.628897,6.5,12
2025-07-13 15:17:28.660764,2.7,12
2025-07-13 15:17:31.681013,1.7,12
2025-07-13 15:17:34.707447,9.1,12
2025-07-13 15:17:37.736472,4.5,12
2025-07-13 15:17:40.761183,5.4,12
2025-07-13 15:17:43.801350,5.5,12
2025-07-13 15:17:46.838853,4.9,12
2025-07-13 15:17:49.864951,1.9,12
2025-07-13 15:17:52.931649,2.4,12
2025-07-13 15:17:56.019387,1.8,12
2025-07-13 15:17:59.066859,3.1,12
2025-07-13 15:18:02.088986,6.1,12
2025-07-13 15:18:05.131416,2.6,12
2025-07-13 15:18:08.156790,4.2,12
2025-07-13 15:18:11.187484,5.6,12
2025-07-13 15:18:14.216793,2.2,12
2025-07-13 15:18:17.250948,0.8,12
2025-07-13 15:18:20.284858,1.0,12
2025-07-13 15:18:23.326648,3.0,12
2025-07-13 15:18:26.368517,3.1,12
2025-07-13 15:18:29.404124,2.5,12
2025-07-13 15:18:32.442837,1.4,12
2025-07-13 15:18:35.481742,4.0,12
2025-07-13 15:18:38.515954,2.7,12
2025-07-13 15:18:41.587777,1.6,12
2025-07-13 15:18:44.629263,1.8,12
2025-07-13 15:18:47.670854,2.6,12
2025-07-13 15:18:50.701631,1.8,12
2025-07-13 15:18:53.738536,1.9,12
2025-07-13 15:18:56.773238,1.8,12
2025-07-13 15:18:59.800690,2.1,12
2025-07-13 15:19:02.833982,1.4,12
2025-07-13 15:19:05.863222,1.2,12
2025-07-13 15:19:08.905839,6.6,12
2025-07-13 15:19:11.925024,3.1,12
2025-07-13 15:19:14.950481,1.4,12
2025-07-13 15:19:17.992296,1.3,12
2025-07-13 15:19:21.025654,2.9,12
2025-07-13 15:19:24.070094,2.3,12
2025-07-13 15:19:27.109111,2.5,12
2025-07-13 15:19:30.151661,2.4,12
2025-07-13 15:19:33.190360,1.4,12
2025-07-13 15:19:36.226824,1.4,12
2025-07-13 15:19:39.248226,2.5,12
2025-07-13 15:19:42.272390,1.6,12
2025-07-13 15:19:45.307730,2.3,12
2025-07-13 15:19:48.326540,1.7,12
2025-07-13 15:19:51.360807,1.8,12
2025-07-13 15:19:54.390218,1.2,12
2025-07-13 15:19:57.436770,2.6,12
2025-07-13 15:20:00.466626,2.4,12
2025-07-13 15:20:03.507174,1.7,12
2025-07-13 15:20:06.586692,8.4,12
2025-07-13 15:20:09.674998,2.0,12
2025-07-13 15:20:12.732491,1.3,12
2025-07-13 15:20:15.777121,2.6,12
2025-07-13 15:20:18.809649,2.5,12
2025-07-13 15:20:21.849257,2.6,12
2025-07-13 15:20:24.877681,4.5,12
2025-07-13 15:20:27.901526,2.3,12
2025-07-13 15:20:30.940816,4.7,12
2025-07-13 15:20:33.969818,1.8,12
2025-07-13 15:20:36.991692,1.9,12
2025-07-13 15:20:40.019435,2.4,12
2025-07-13 15:20:43.035368,2.5,12
2025-07-13 15:20:46.063392,7.5,12
2025-07-13 15:20:49.090448,4.0,12
2025-07-13 15:20:52.112456,1.8,12
2025-07-13 15:20:55.152590,1.2,12
2025-07-13 15:20:58.189941,2.6,12
2025-07-13 15:21:01.233371,4.1,12
2025-07-13 15:21:04.260772,3.9,12
2025-07-13 15:21:07.301213,2.0,12
2025-07-13 15:21:10.323785,5.8,12
2025-07-13 15:21:13.363064,2.2,12
2025-07-13 15:21:16.373750,2.1,12
2025-07-13 15:21:19.417216,0.9,12
2025-07-13 15:21:22.456788,2.7,12
2025-07-13 15:21:25.486828,4.6,12
2025-07-13 15:21:28.525025,1.9,12
2025-07-13 15:21:31.593433,1.3,12
2025-07-13 15:21:34.695450,1.4,12
2025-07-13 15:21:37.731928,4.9,12
2025-07-13 15:21:40.762367,5.0,12
2025-07-13 15:21:43.801241,1.5,12
2025-07-13 15:21:46.840572,9.7,12
2025-07-13 15:21:49.873095,5.2,12
2025-07-13 15:21:52.902532,1.4,12
2025-07-13 15:21:55.940761,1.4,12
2025-07-13 15:21:58.967774,4.4,12
2025-07-13 15:22:02.007311,2.6,12
2025-07-13 15:22:05.040810,5.8,12
2025-07-13 15:22:08.076869,2.3,12
2025-07-13 15:22:11.118528,1.4,12
2025-07-13 15:22:14.148689,2.3,12
2025-07-13 15:22:17.221850,4.8,12
2025-07-13 15:22:20.246053,1.8,12
2025-07-13 15:22:23.275321,1.0,12
2025-07-13 15:22:26.306490,4.7,12
2025-07-13 15:22:29.344935,4.4,12
2025-07-13 15:22:32.368977,1.8,12
2025-07-13 15:22:35.401498,2.7,12
2025-07-13 15:22:38.430084,3.3,12
2025-07-13 15:22:41.449543,8.5,12
2025-07-13 15:22:44.462941,1.7,12
2025-07-13 15:22:47.503190,2.9,12
2025-07-13 15:22:50.528713,2.8,12
2025-07-13 15:22:53.586533,3.1,12
2025-07-13 15:22:56.625729,7.6,12
2025-07-13 15:22:59.657688,0.9,12
2025-07-13 15:23:02.698013,1.8,12
2025-07-13 15:23:05.737934,5.1,12
2025-07-13 15:23:08.776640,1.4,12
2025-07-13 15:23:11.806222,1.2,12
2025-07-13 15:23:14.852306,1.9,12
2025-07-13 15:23:17.889552,6.0,12
2025-07-13 15:23:20.921648,3.2,12
2025-07-13 15:23:23.966097,2.0,12
2025-07-13 15:23:26.993813,1.7,12
2025-07-13 15:23:30.053832,1.4,12
2025-07-13 15:23:33.088453,2.4,12
2025-07-13 15:23:36.130049,1.0,12
2025-07-13 15:23:39.219422,7.0,12
2025-07-13 15:23:42.337877,3.8,12
2025-07-13 15:23:45.395227,1.7,12
2025-07-13 15:23:48.424074,1.7,12
2025-07-13 15:23:51.440908,2.8,12
2025-07-13 15:23:54.473243,2.9,12
2025-07-13 15:23:57.515201,13.7,12
2025-07-13 15:24:00.557006,2.0,12
2025-07-13 15:24:03.574698,1.2,12
2025-07-13 15:24:06.603666,4.0,12
2025-07-13 15:24:09.642978,1.7,12
2025-07-13 15:24:12.664791,0.9,12
2025-07-13 15:24:15.693200,1.8,12
2025-07-13 15:24:18.715164,2.3,12
2025-07-13 15:24:21.752612,0.8,12
2025-07-13 15:24:24.789796,1.3,12
2025-07-13 15:24:27.883178,2.3,12
2025-07-13 15:24:30.954130,6.2,12
2025-07-13 15:24:33.981765,2.3,12
2025-07-13 15:24:37.019145,2.0,12
2025-07-13 15:24:40.047467,4.3,12
2025-07-13 15:24:43.070920,2.3,12
2025-07-13 15:24:46.102163,5.5,12
2025-07-13 15:24:49.138859,4.6,12
2025-07-13 15:24:52.168944,1.5,12
2025-07-13 15:24:55.206188,0.6,12
2025-07-13 15:24:58.245967,2.2,12
2025-07-13 15:25:01.271814,1.9,12
2025-07-13 15:25:04.308228,4.7,12
2025-07-13 15:25:07.340180,4.8,12
2025-07-13 15:25:10.376274,1.4,12
2025-07-13 15:25:13.474829,1.5,12
2025-07-13 15:25:16.560793,2.1,12
2025-07-13 15:25:19.608213,8.1,12
2025-07-13 15:25:22.647716,1.7,12
2025-07-13 15:25:25.675840,2.7,12
2025-07-13 15:25:28.702067,2.4,12
2025-07-13 15:25:31.732923,4.3,12
2025-07-13 15:25:34.764172,2.4,12
2025-07-13 15:25:37.798678,5.0,12
2025-07-13 15:25:40.837024,2.6,12
2025-07-13 15:25:43.880776,1.0,12
2025-07-13 15:25:46.919739,3.1,12
2025-07-13 15:25:49.952268,2.1,12
2025-07-13 15:25:52.980280,1.8,12
2025-07-13 15:25:56.020167,1.9,12
2025-07-13 15:25:59.059080,2.3,12
2025-07-13 15:26:02.102224,1.4,12
2025-07-13 15:26:05.145773,2.8,12
2025-07-13 15:26:08.193002,2.6,12
2025-07-13 15:26:11.222497,1.9,12
2025-07-13 15:26:14.260551,3.3,12
2025-07-13 15:26:17.290583,2.0,12
2025-07-13 15:26:20.328261,6.0,12
2025-07-13 15:26:23.357599,1.4,12
2025-07-13 15:26:26.378534,1.2,12
2025-07-13 15:26:29.416146,2.9,12
2025-07-13 15:26:32.456009,1.7,12
2025-07-13 15:26:35.481890,1.0,12
2025-07-13 15:26:38.522455,1.7,12
2025-07-13 15:26:41.559307,3.2,12
2025-07-13 15:26:44.601587,1.2,12
2025-07-13 15:26:47.639155,2.7,12
2025-07-13 15:26:50.680937,1.5,12
2025-07-13 15:26:53.716726,2.2,12
2025-07-13 15:26:56.755921,2.0,12
2025-07-13 15:26:59.798583,2.3,12
2025-07-13 15:27:02.836793,4.2,12
2025-07-13 15:27:05.864887,3.6,12
2025-07-13 15:27:08.899727,3.9,12
2025-07-13 15:27:11.930743,4.3,12
2025-07-13 15:27:14.970514,1.7,12
2025-07-13 15:27:18.002410,6.3,12
2025-07-13 15:27:21.038390,2.3,12
2025-07-13 15:27:24.068487,1.3,12
2025-07-13 15:27:27.102950,2.3,12
2025-07-13 15:27:30.128717,3.5,12
2025-07-13 15:27:33.158326,1.8,12
2025-07-13 15:27:36.197150,4.3,12
2025-07-13 15:27:39.231269,5.2,12
2025-07-13 15:27:42.264144,2.1,12
2025-07-13 15:27:45.296163,3.2,12
2025-07-13 15:27:48.333159,3.6,12
2025-07-13 15:27:51.370612,2.9,12
2025-07-13 15:27:54.395420,1.7,12
2025-07-13 15:27:57.420825,2.1,12
2025-07-13 15:28:00.466890,2.4,12
2025-07-13 15:28:03.498890,2.1,12
2025-07-13 15:28:06.540669,2.2,12
2025-07-13 15:28:09.576882,3.6,12
2025-07-13 15:28:12.615928,1.9,12
2025-07-13 15:28:15.641622,1.6,12
2025-07-13 15:28:18.670492,1.4,12
2025-07-13 15:28:21.724369,1.4,12
2025-07-13 15:28:24.777588,2.1,12
2025-07-13 15:28:27.795449,2.3,12
2025-07-13 15:28:30.835976,1.5,12
2025-07-13 15:28:33.871169,3.8,12
2025-07-13 15:28:36.903222,5.3,12
2025-07-13 15:28:39.946255,1.7,12
2025-07-13 15:28:42.983149,1.5,12
2025-07-13 15:28:46.021665,2.6,12
2025-07-13 15:28:49.054601,4.0,12
2025-07-13 15:28:52.078504,7.7,12
2025-07-13 15:28:55.116395,2.4,12
2025-07-13 15:28:58.162433,2.2,12
2025-07-13 15:29:01.199044,1.7,12
2025-07-13 15:29:04.229489,2.7,12
2025-07-13 15:29:07.273241,1.9,12
2025-07-13 15:29:10.313906,5.1,12
2025-07-13 15:29:13.343074,2.6,12
2025-07-13 15:29:16.385289,1.3,12
2025-07-13 15:29:19.421481,2.7,12
2025-07-13 15:29:22.464216,1.3,12
2025-07-13 15:29:25.493874,3.1,12
2025-07-13 15:29:28.550233,1.0,12
2025-07-13 15:29:31.592189,1.9,12
2025-07-13 15:29:34.631809,1.3,12
2025-07-13 15:29:37.668529,2.8,12
2025-07-13 15:29:40.706575,2.6,12
2025-07-13 15:29:43.732610,4.2,12
2025-07-13 15:29:46.760039,6.2,12
2025-07-13 15:29:49.798715,2.2,12
2025-07-13 15:29:52.829807,2.5,12
2025-07-13 15:29:55.867258,2.0,12
2025-07-13 15:29:58.903077,4.1,12
2025-07-13 15:30:01.934522,1.9,12
2025-07-13 15:30:04.975243,2.0,12
2025-07-13 15:30:08.008475,0.9,12
2025-07-13 15:30:11.036275,1.6,12
2025-07-13 15:30:14.076245,3.6,12
2025-07-13 15:30:17.110451,1.3,12
2025-07-13 15:30:20.152306,2.9,12
2025-07-13 15:30:23.191162,1.8,12
2025-07-13 15:30:26.218632,9.0,12
2025-07-13 15:30:29.253494,2.4,12
2025-07-13 15:30:32.293560,2.7,12
2025-07-13 15:30:35.341445,2.5,12
2025-07-13 15:30:38.376928,6.2,12
2025-07-13 15:30:41.406034,2.8,12
2025-07-13 15:30:44.437364,4.0,12
2025-07-13 15:30:47.478007,1.3,12
2025-07-13 15:30:50.515270,4.6,12
2025-07-13 15:30:53.552089,1.0,12
2025-07-13 15:30:56.593221,5.0,12
2025-07-13 15:30:59.633320,1.8,12
2025-07-13 15:31:02.675145,1.0,12
2025-07-13 15:31:05.703413,2.2,12
2025-07-13 15:31:08.744294,2.0,12
2025-07-13 15:31:11.780615,1.3,12
2025-07-13 15:31:14.814852,2.8,12
2025-07-13 15:31:17.852650,2.8,12
2025-07-13 15:31:20.884733,6.9,12
2025-07-13 15:31:23.908705,2.6,12
2025-07-13 15:31:26.942314,2.1,12
2025-07-13 15:31:29.966468,5.9,12
2025-07-13 15:31:33.006692,2.3,12
2025-07-13 15:31:36.211295,30.3,12
2025-07-13 15:31:39.269261,16.5,12
2025-07-13 15:31:42.291546,3.6,12
2025-07-13 15:31:45.321187,2.0,12
2025-07-13 15:31:48.353644,9.8,12
2025-07-13 15:31:51.383818,3.1,12
2025-07-13 15:31:54.444402,2.2,12
2025-07-13 15:31:57.472051,9.0,12
2025-07-13 15:32:00.507490,3.5,12
2025-07-13 15:32:03.535150,1.9,12
2025-07-13 15:32:06.566429,8.4,12
2025-07-13 15:32:09.606364,6.1,12
2025-07-13 15:32:12.632529,1.4,12
2025-07-13 15:32:15.668999,14.6,12
2025-07-13 15:32:18.696909,2.1,12
2025-07-13 15:32:21.758976,2.2,12
2025-07-13 15:32:24.834981,1.1,12
2025-07-13 15:32:27.875724,3.7,12
2025-07-13 15:32:30.918508,1.8,12
2025-07-13 15:32:33.989849,1.2,12
2025-07-13 15:32:37.019374,9.6,12
2025-07-13 15:32:40.058973,6.5,12
2025-07-13 15:32:43.098674,0.6,12
2025-07-13 15:32:46.128284,5.2,12
2025-07-13 15:32:49.161133,3.7,12
2025-07-13 15:32:52.183963,2.1,12
2025-07-13 15:32:55.206344,4.5,12
2025-07-13 15:32:58.242493,2.7,12
2025-07-13 15:33:01.281725,2.8,12
2025-07-13 15:33:04.308453,8.1,12
2025-07-13 15:33:07.354899,4.5,12
2025-07-13 15:33:10.406278,1.7,12
2025-07-13 15:33:13.450951,1.8,12
2025-07-13 15:33:16.480703,2.2,12
2025-07-13 15:33:19.509859,1.9,12
2025-07-13 15:33:22.546317,7.1,12
2025-07-13 15:33:25.587482,1.4,12
2025-07-13 15:33:28.602391,2.1,12
2025-07-13 15:33:31.635351,1.5,12
2025-07-13 15:33:34.670351,2.0,12
2025-07-13 15:33:37.701025,1.7,12
2025-07-13 15:33:40.769455,2.4,12
2025-07-13 15:33:43.807826,1.8,12
2025-07-13 15:33:46.842346,1.3,12
2025-07-13 15:33:49.875538,3.9,12
2025-07-13 15:33:52.903223,1.8,12
2025-07-13 15:33:55.927279,1.5,12
2025-07-13 15:33:58.952426,1.0,12
2025-07-13 15:34:01.982826,2.9,12
2025-07-13 15:34:05.012807,6.2,12
2025-07-13 15:34:08.047528,1.0,12
2025-07-13 15:34:11.076595,1.7,12
2025-07-13 15:34:14.113146,4.2,12
2025-07-13 15:34:17.135013,2.7,12
2025-07-13 15:34:20.163571,4.4,12
2025-07-13 15:34:23.204281,2.9,12
2025-07-13 15:34:26.252399,2.3,12
2025-07-13 15:34:29.306894,1.9,12
2025-07-13 15:34:32.347022,10.9,12
2025-07-13 15:34:35.370970,2.9,12
2025-07-13 15:34:38.396185,2.9,12
2025-07-13 15:34:41.424098,8.0,12
2025-07-13 15:34:44.457859,1.3,12
2025-07-13 15:34:47.486628,2.6,12
2025-07-13 15:34:50.509582,1.7,12
2025-07-13 15:34:53.546778,3.2,12
2025-07-13 15:34:56.575538,5.4,12
2025-07-13 15:34:59.615427,1.9,12
2025-07-13 15:35:02.651663,1.4,12
2025-07-13 15:35:05.694044,1.5,12
2025-07-13 15:35:08.727517,1.8,12
2025-07-13 15:35:11.771661,4.9,12
2025-07-13 15:35:14.877810,13.4,12
2025-07-13 15:35:17.907709,1.8,12
2025-07-13 15:35:20.949361,1.7,12
2025-07-13 15:35:23.972135,2.3,12
2025-07-13 15:35:27.001816,4.4,12
2025-07-13 15:35:30.038290,3.5,12
2025-07-13 15:35:33.066964,1.9,12
2025-07-13 15:35:36.105073,1.5,12
2025-07-13 15:35:39.142899,2.3,12
2025-07-13 15:35:42.184066,1.8,12
2025-07-13 15:35:45.213199,1.7,12
2025-07-13 15:35:48.251348,4.6,12
2025-07-13 15:35:51.297056,2.9,12
2025-07-13 15:35:54.352909,4.3,12
2025-07-13 15:35:57.389520,5.6,12
2025-07-13 15:36:00.436200,0.9,12
2025-07-13 15:36:03.477724,2.6,12
2025-07-13 15:36:06.526083,2.2,12
2025-07-13 15:36:09.577959,3.8,12
2025-07-13 15:36:12.601151,1.8,12
2025-07-13 15:36:15.636611,6.9,12
2025-07-13 15:36:18.682437,1.8,12
2025-07-13 15:36:21.725008,2.0,12
2025-07-13 15:36:24.767217,1.4,12
2025-07-13 15:36:27.797988,2.0,12
2025-07-13 15:36:30.835250,1.8,12
2025-07-13 15:36:33.881777,3.2,12
2025-07-13 15:36:36.913714,6.1,12
2025-07-13 15:36:39.951330,1.0,12
2025-07-13 15:36:42.963144,2.6,12
2025-07-13 15:36:46.001519,7.0,12
2025-07-13 15:36:49.041170,2.2,12
2025-07-13 15:36:52.099488,4.6,12
2025-07-13 15:36:55.124784,1.8,12
2025-07-13 15:36:58.166945,1.7,12
2025-07-13 15:37:01.207680,1.7,12
2025-07-13 15:37:04.245609,2.3,12
2025-07-13 15:37:07.289827,2.0,12
2025-07-13 15:37:10.330577,1.8,12
2025-07-13 15:37:13.367041,1.9,12
2025-07-13 15:37:16.404855,5.3,12
2025-07-13 15:37:19.443996,2.0,12
2025-07-13 15:37:22.474487,1.4,12
2025-07-13 15:37:25.510025,2.0,12
2025-07-13 15:37:28.547592,1.7,12
2025-07-13 15:37:31.577041,4.8,12
2025-07-13 15:37:34.615615,1.4,12
2025-07-13 15:37:37.692039,1.1,12
2025-07-13 15:37:40.732448,4.7,12
2025-07-13 15:37:43.758545,1.7,12
2025-07-13 15:37:46.798423,3.9,12
2025-07-13 15:37:49.834455,2.1,12
2025-07-13 15:37:52.864713,3.5,12
2025-07-13 15:37:55.902836,2.4,12
2025-07-13 15:37:58.947135,2.6,12
2025-07-13 15:38:01.982213,2.2,12
2025-07-13 15:38:05.013815,2.8,12
2025-07-13 15:38:08.045088,7.7,12
2025-07-13 15:38:11.078712,2.8,12
2025-07-13 15:38:14.118157,1.8,12
2025-07-13 15:38:17.161565,1.9,12
2025-07-13 15:38:20.227490,3.7,12
2025-07-13 15:38:23.271657,1.5,12
2025-07-13 15:38:26.297038,3.6,12
2025-07-13 15:38:29.323224,2.3,12
2025-07-13 15:38:32.364562,1.4,12
2025-07-13 15:38:35.407384,9.4,12
2025-07-13 15:38:38.441568,1.3,12
2025-07-13 15:38:41.487315,3.0,12
2025-07-13 15:38:44.516867,1.3,12
2025-07-13 15:38:47.557673,1.9,12
2025-07-13 15:38:50.596831,4.4,12
2025-07-13 15:38:53.629579,4.4,12
2025-07-13 15:38:56.667942,2.4,12
2025-07-13 15:38:59.696140,1.8,12
2025-07-13 15:39:02.722607,5.8,12
2025-07-13 15:39:05.753676,2.0,12
2025-07-13 15:39:08.805501,4.7,12
2025-07-13 15:39:11.890204,2.0,12
2025-07-13 15:39:14.978113,5.0,12
2025-07-13 15:39:18.014465,2.5,12
2025-07-13 15:39:21.054780,1.9,12
2025-07-13 15:39:24.086059,2.8,12
2025-07-13 15:39:27.114633,1.9,12
2025-07-13 15:39:30.153968,1.9,12
2025-07-13 15:39:33.193712,1.4,12
2025-07-13 15:39:36.233314,2.3,12
2025-07-13 15:39:39.277742,1.9,12
2025-07-13 15:39:42.315264,0.8,12
2025-07-13 15:39:45.356806,1.9,12
2025-07-13 15:39:48.390436,4.6,12
2025-07-13 15:39:51.430743,1.8,12
2025-07-13 15:39:54.465030,6.1,12
2025-07-13 15:39:57.513146,1.5,12
2025-07-13 15:40:00.549740,1.8,12
2025-07-13 15:40:03.581989,4.9,12
2025-07-13 15:40:06.620552,6.2,12
2025-07-13 15:40:09.650245,1.4,12
2025-07-13 15:40:12.696681,1.7,12
2025-07-13 15:40:15.740642,2.2,12
2025-07-13 15:40:18.782438,6.3,12
2025-07-13 15:40:21.803847,1.9,12
2025-07-13 15:40:24.840119,2.6,12
2025-07-13 15:40:27.877285,2.2,12
2025-07-13 15:40:30.905663,2.9,12
2025-07-13 15:40:33.948971,3.1,12
2025-07-13 15:40:36.965894,1.8,12
2025-07-13 15:40:39.993592,2.0,12
2025-07-13 15:40:43.051027,2.2,12
2025-07-13 15:40:46.096060,1.8,12
2025-07-13 15:40:49.131640,2.8,12
2025-07-13 15:40:52.159911,7.3,12
2025-07-13 15:40:55.200442,4.2,12
2025-07-13 15:40:58.238556,1.7,12
2025-07-13 15:41:01.270634,2.3,12
2025-07-13 15:41:04.310568,3.1,12
2025-07-13 15:41:07.347366,1.0,12
2025-07-13 15:41:10.387657,2.8,12
2025-07-13 15:41:13.422755,4.7,12
2025-07-13 15:41:16.460478,2.7,12
2025-07-13 15:41:19.495324,1.4,12
2025-07-13 15:41:22.525709,2.0,12
2025-07-13 15:41:25.560308,3.0,12
2025-07-13 15:41:28.573211,1.8,12
2025-07-13 15:41:31.638480,0.9,12
2025-07-13 15:41:34.713730,1.9,12
2025-07-13 15:41:37.749823,1.7,12
2025-07-13 15:41:40.791281,1.9,12
2025-07-13 15:41:43.831907,1.9,12
2025-07-13 15:41:46.865313,2.2,12
2025-07-13 15:41:49.908309,7.5,12
2025-07-13 15:41:52.951248,1.9,12
2025-07-13 15:41:55.986500,6.7,12
2025-07-13 15:41:59.012290,2.0,12
2025-07-13 15:42:02.052233,2.2,12
2025-07-13 15:42:05.083363,7.8,12
2025-07-13 15:42:08.117607,2.2,12
2025-07-13 15:42:11.152649,5.1,12
2025-07-13 15:42:14.226950,1.3,12
2025-07-13 15:42:17.334921,2.0,12
2025-07-13 15:42:20.405574,3.3,12
2025-07-13 15:42:23.435185,1.4,12
2025-07-13 15:42:26.469766,1.9,12
2025-07-13 15:42:29.512505,1.4,12
2025-07-13 15:42:32.527550,2.0,12
2025-07-13 15:42:35.553964,1.8,12
2025-07-13 15:42:38.589589,3.9,12
2025-07-13 15:42:41.612547,4.5,12
2025-07-13 15:42:44.660676,1.7,12
2025-07-13 15:42:47.700595,1.8,12
2025-07-13 15:42:50.769110,1.4,12
2025-07-13 15:42:53.822559,2.5,12
2025-07-13 15:42:56.854667,7.5,12
2025-07-13 15:42:59.882330,2.4,12
2025-07-13 15:43:02.918315,2.6,12
2025-07-13 15:43:05.942864,1.7,12
2025-07-13 15:43:08.977236,2.1,12
2025-07-13 15:43:12.001013,5.5,12
2025-07-13 15:43:15.033761,12.1,12
2025-07-13 15:43:18.072374,1.4,12
2025-07-13 15:43:21.098828,2.9,12
2025-07-13 15:43:24.139185,2.6,12
2025-07-13 15:43:27.181088,2.2,12
2025-07-13 15:43:30.215539,3.7,12
2025-07-13 15:43:33.262201,2.4,12
2025-07-13 15:43:36.296077,7.9,12
2025-07-13 15:43:39.336725,2.3,12
2025-07-13 15:43:42.370740,3.1,12
2025-07-13 15:43:45.388621,2.0,12
2025-07-13 15:43:48.430301,1.9,12
2025-07-13 15:43:51.463056,7.8,12
2025-07-13 15:43:54.478957,18.2,12
2025-07-13 15:43:57.501929,22.2,12
2025-07-13 15:44:00.539105,1.2,12
2025-07-13 15:44:03.567467,2.8,12
2025-07-13 15:44:06.594840,5.0,12
2025-07-13 15:44:09.626693,1.5,12
2025-07-13 15:44:12.671255,1.8,12
2025-07-13 15:44:15.707426,1.6,12
2025-07-13 15:44:18.739562,2.3,12
2025-07-13 15:44:21.766807,3.2,12
2025-07-13 15:44:24.800975,2.0,12
2025-07-13 15:44:27.835851,4.0,12
2025-07-13 15:44:30.870520,5.8,12
2025-07-13 15:44:33.894445,1.2,12
2025-07-13 15:44:36.924231,3.2,12
2025-07-13 15:44:39.968706,6.0,12
2025-07-13 15:44:42.984825,4.7,12
2025-07-13 15:44:46.031708,4.1,12
2025-07-13 15:44:49.072298,2.3,12
2025-07-13 15:44:52.101910,3.8,12
2025-07-13 15:44:55.140978,7.2,12
2025-07-13 15:44:58.175695,6.4,12
2025-07-13 15:45:01.215660,2.4,12
2025-07-13 15:45:04.297153,1.8,12
2025-07-13 15:45:07.336734,1.5,12
2025-07-13 15:45:10.358146,1.4,12
2025-07-13 15:45:13.402438,2.4,12
2025-07-13 15:45:16.431339,2.1,12
2025-07-13 15:45:19.461971,2.9,12
2025-07-13 15:45:22.494356,5.3,12
2025-07-13 15:45:25.525235,1.7,12
2025-07-13 15:45:28.562800,6.4,12
2025-07-13 15:45:31.589769,1.9,12
2025-07-13 15:45:34.630326,1.3,12
2025-07-13 15:45:37.668252,3.1,12
2025-07-13 15:45:40.699138,2.6,12
2025-07-13 15:45:43.738471,1.0,12
2025-07-13 15:45:46.788076,2.3,12
2025-07-13 15:45:49.815441,1.7,12
2025-07-13 15:45:52.852110,1.4,12
2025-07-13 15:45:55.892341,8.3,12
2025-07-13 15:45:58.931036,6.9,12
2025-07-13 15:46:01.977575,2.4,12
2025-07-13 15:46:05.046108,3.8,12
2025-07-13 15:46:08.077699,2.8,12
2025-07-13 15:46:11.108121,12.2,12
2025-07-13 15:46:14.133064,13.0,12
2025-07-13 15:46:17.171006,2.7,12
2025-07-13 15:46:20.203212,1.7,12
2025-07-13 15:46:23.229544,2.3,12
2025-07-13 15:46:26.275083,2.2,12
2025-07-13 15:46:29.316130,1.4,12
2025-07-13 15:46:32.400864,1.8,12
2025-07-13 15:46:35.432492,3.8,12
2025-07-13 15:46:38.462072,2.4,12
2025-07-13 15:46:41.489916,2.0,12
2025-07-13 15:46:44.515634,2.1,12
2025-07-13 15:46:47.541086,2.2,12
2025-07-13 15:46:50.576478,4.0,12
2025-07-13 15:46:53.618847,2.1,12
2025-07-13 15:46:56.645803,2.1,12
2025-07-13 15:46:59.685472,9.6,12
2025-07-13 15:47:02.726151,1.5,12
2025-07-13 15:47:05.793728,1.8,12
2025-07-13 15:47:08.827197,1.7,12
2025-07-13 15:47:11.865571,1.7,12
2025-07-13 15:47:14.885843,1.9,12
2025-07-13 15:47:17.920143,5.8,12
2025-07-13 15:47:20.956683,1.7,12
2025-07-13 15:47:23.991240,1.7,12
2025-07-13 15:47:27.021278,2.7,12
2025-07-13 15:47:30.062032,2.4,12
2025-07-13 15:47:33.110234,10.2,12
2025-07-13 15:47:36.152095,8.6,12
2025-07-13 15:47:39.207268,2.2,12
2025-07-13 15:47:42.237371,3.1,12
2025-07-13 15:47:45.279854,0.9,12
2025-07-13 15:47:48.326692,2.8,12
2025-07-13 15:47:51.383709,1.8,12
2025-07-13 15:47:54.412248,4.4,12
2025-07-13 15:47:57.447165,1.8,12
2025-07-13 15:48:00.492249,5.5,12
2025-07-13 15:48:03.559075,2.4,12
2025-07-13 15:48:06.596274,1.3,12
2025-07-13 15:48:09.631419,2.6,12
2025-07-13 15:48:12.663114,1.6,12
2025-07-13 15:48:15.687655,7.7,12
2025-07-13 15:48:18.709244,2.1,12
2025-07-13 15:48:21.747049,2.3,12
2025-07-13 15:48:24.773695,1.9,12
2025-07-13 15:48:27.792218,2.0,12
2025-07-13 15:48:30.826958,1.7,12
2025-07-13 15:48:33.864627,1.3,12
2025-07-13 15:48:36.893386,5.9,12
2025-07-13 15:48:39.930142,2.0,12
2025-07-13 15:48:42.959217,3.1,12
2025-07-13 15:48:46.016788,2.2,12
2025-07-13 15:48:49.062816,4.7,12
2025-07-13 15:48:52.098175,2.9,12
2025-07-13 15:48:55.139695,3.5,12
2025-07-13 15:48:58.179299,1.2,12
2025-07-13 15:49:01.215521,2.9,12
2025-07-13 15:49:04.257934,2.8,12
2025-07-13 15:49:07.287842,1.7,12
2025-07-13 15:49:10.320494,1.0,12
2025-07-13 15:49:13.332794,2.6,12
2025-07-13 15:49:16.369452,2.2,12
2025-07-13 15:49:19.396032,4.0,12
2025-07-13 15:49:22.433490,1.5,12
2025-07-13 15:49:25.548597,1.0,12
2025-07-13 15:49:28.592964,1.1,12
2025-07-13 15:49:31.614778,1.3,12
2025-07-13 15:49:34.646324,1.9,12
2025-07-13 15:49:37.683184,3.5,12
2025-07-13 15:49:40.719556,4.7,12
2025-07-13 15:49:43.762208,1.8,12
2025-07-13 15:49:46.799808,1.3,12
2025-07-13 15:49:49.826930,2.4,12
2025-07-13 15:49:52.855624,25.1,12
2025-07-13 15:49:55.895392,1.2,12
2025-07-13 15:49:58.932773,2.1,12
2025-07-13 15:50:01.965581,2.6,12
2025-07-13 15:50:05.003477,1.4,12
2025-07-13 15:50:08.039334,1.4,12
2025-07-13 15:50:11.081999,1.8,12
2025-07-13 15:50:14.117679,1.8,12
2025-07-13 15:50:17.150970,1.8,12
2025-07-13 15:50:20.189107,1.3,12
2025-07-13 15:50:23.228965,1.7,12
2025-07-13 15:50:26.257917,1.8,12
2025-07-13 15:50:29.289404,3.6,12
2025-07-13 15:50:32.323296,7.2,12
2025-07-13 15:50:35.360176,3.1,12
2025-07-13 15:50:38.389470,3.8,12
2025-07-13 15:50:41.427751,1.5,12
2025-07-13 15:50:44.498321,3.8,12
2025-07-13 15:50:47.538440,1.0,12
2025-07-13 15:50:50.579110,4.3,12
2025-07-13 15:50:53.682783,2.4,12
2025-07-13 15:50:56.792501,2.5,12
2025-07-13 15:50:59.838096,1.7,12
2025-07-13 15:51:02.874397,12.1,12
2025-07-13 15:51:05.911583,1.2,12
2025-07-13 15:51:08.940280,3.2,12
2025-07-13 15:51:11.978066,1.8,12
2025-07-13 15:51:15.009752,3.2,12
2025-07-13 15:51:18.039750,1.7,12
2025-07-13 15:51:21.073366,4.4,12
2025-07-13 15:51:24.108659,1.0,12
2025-07-13 15:51:27.133124,1.7,12
2025-07-13 15:51:30.172706,10.2,12
2025-07-13 15:51:33.208432,1.7,12
2025-07-13 15:51:36.243721,2.1,12
2025-07-13 15:51:39.278315,4.2,12
2025-07-13 15:51:42.322739,2.0,12
2025-07-13 15:51:45.346701,0.9,12
2025-07-13 15:51:48.449780,4.5,12
2025-07-13 15:51:51.513884,1.9,12
2025-07-13 15:51:54.553808,1.8,12
2025-07-13 15:51:57.592779,5.4,12
2025-07-13 15:52:00.632876,2.3,12
2025-07-13 15:52:03.657319,2.7,12
2025-07-13 15:52:06.695535,2.7,12
2025-07-13 15:52:09.722095,4.3,12
2025-07-13 15:52:12.762573,2.3,12
2025-07-13 15:52:15.810957,4.3,12
2025-07-13 15:52:18.837095,1.6,12
2025-07-13 15:52:21.873136,6.6,12
2025-07-13 15:52:24.893947,1.7,12
2025-07-13 15:52:27.929032,1.5,12
2025-07-13 15:52:30.971997,3.7,12
2025-07-13 15:52:34.009962,4.0,12
2025-07-13 15:52:37.081342,0.9,12
2025-07-13 15:52:40.162913,3.3,12
2025-07-13 15:52:43.197348,1.9,12
2025-07-13 15:52:46.234709,2.5,12
2025-07-13 15:52:49.276475,1.8,12
2025-07-13 15:52:52.319006,1.7,12
2025-07-13 15:52:55.358002,3.3,12
2025-07-13 15:52:58.387527,2.7,12
2025-07-13 15:53:01.418026,2.2,12
2025-07-13 15:53:04.453349,4.4,12
2025-07-13 15:53:07.489192,2.3,12
2025-07-13 15:53:10.531636,5.2,12
2025-07-13 15:53:13.560681,1.3,12
2025-07-13 15:53:16.592240,2.3,12
2025-07-13 15:53:19.629726,1.2,12
2025-07-13 15:53:22.665186,2.4,12
2025-07-13 15:53:25.684297,1.4,12
2025-07-13 15:53:28.714933,1.4,12
2025-07-13 15:53:31.761041,1.5,12
2025-07-13 15:53:34.853088,2.3,12
2025-07-13 15:53:37.941783,2.0,12
2025-07-13 15:53:40.998400,2.6,12
2025-07-13 15:53:44.037061,1.5,12
2025-07-13 15:53:47.068488,1.9,12
2025-07-13 15:53:50.088410,1.4,12
2025-07-13 15:53:53.124014,4.5,12
2025-07-13 15:53:56.150831,2.5,12
2025-07-13 15:53:59.177349,2.1,12
2025-07-13 15:54:02.205684,1.7,12
2025-07-13 15:54:05.236123,1.9,12
2025-07-13 15:54:08.281996,6.4,12
2025-07-13 15:54:11.315925,1.7,12
2025-07-13 15:54:14.353971,2.9,12
2025-07-13 15:54:17.390163,7.0,12
2025-07-13 15:54:20.428751,1.4,12
2025-07-13 15:54:23.467333,8.7,12
2025-07-13 15:54:26.559049,2.5,12
2025-07-13 15:54:29.590863,1.9,12
2025-07-13 15:54:32.618486,2.0,12
2025-07-13 15:54:35.656681,1.2,12
2025-07-13 15:54:38.693525,2.2,12
2025-07-13 15:54:41.725812,3.8,12
2025-07-13 15:54:44.766890,5.2,12
2025-07-13 15:54:47.808280,1.0,12
2025-07-13 15:54:50.840752,2.9,12
2025-07-13 15:54:53.872476,4.5,12
2025-07-13 15:54:56.909489,1.8,12
2025-07-13 15:54:59.937178,3.8,12
2025-07-13 15:55:02.960602,0.9,12
2025-07-13 15:55:05.996038,2.3,12
2025-07-13 15:55:09.045108,2.2,12
2025-07-13 15:55:12.136958,1.3,12
2025-07-13 15:55:15.204565,1.4,12
2025-07-13 15:55:18.231548,3.2,12
2025-07-13 15:55:21.258894,1.8,12
2025-07-13 15:55:24.296974,4.7,12
2025-07-13 15:55:27.339708,3.3,12
2025-07-13 15:55:30.371112,3.5,12
2025-07-13 15:55:33.410927,1.6,12
2025-07-13 15:55:36.453047,3.3,12
2025-07-13 15:55:39.489874,3.2,12
2025-07-13 15:55:42.519618,1.7,12
2025-07-13 15:55:45.560717,4.1,12
2025-07-13 15:55:48.596899,1.2,12
2025-07-13 15:55:51.633955,2.2,12
2025-07-13 15:55:54.655751,3.9,12
2025-07-13 15:55:57.691774,1.0,12
2025-07-13 15:56:00.728433,2.9,12
2025-07-13 15:56:03.776866,1.5,12
2025-07-13 15:56:06.873489,1.5,12
2025-07-13 15:56:09.891875,2.5,12
2025-07-13 15:56:12.931452,2.3,12
2025-07-13 15:56:15.942309,1.2,12
2025-07-13 15:56:18.984604,5.5,12
2025-07-13 15:56:22.026660,2.7,12
2025-07-13 15:56:25.062356,2.0,12
2025-07-13 15:56:28.095177,1.3,12
2025-07-13 15:56:31.128957,2.0,12
2025-07-13 15:56:34.170059,3.2,12
2025-07-13 15:56:37.216211,2.2,12
2025-07-13 15:56:40.283658,0.8,12
2025-07-13 15:56:43.320290,1.0,12
2025-07-13 15:56:46.354200,5.3,12
2025-07-13 15:56:49.396123,2.4,12
2025-07-13 15:56:52.441824,1.3,12
2025-07-13 15:56:55.523977,2.0,12
2025-07-13 15:56:58.655191,2.3,12
2025-07-13 15:57:01.701168,2.6,12
2025-07-13 15:57:04.739883,2.2,12
2025-07-13 15:57:07.772230,6.3,12
2025-07-13 15:57:10.808827,2.8,12
2025-07-13 15:57:13.850179,1.3,12
2025-07-13 15:57:16.880319,4.0,12
2025-07-13 15:57:19.902512,2.2,12
2025-07-13 15:57:22.946502,1.3,12
2025-07-13 15:57:25.975884,2.5,12
2025-07-13 15:57:29.013444,2.8,12
2025-07-13 15:57:32.075309,1.7,12
2025-07-13 15:57:35.100412,3.7,12
2025-07-13 15:57:38.141010,2.9,12
2025-07-13 15:57:41.167522,2.0,12
2025-07-13 15:57:44.231212,4.2,12
2025-07-13 15:57:47.315168,1.3,12
2025-07-13 15:57:50.336711,1.7,12
2025-07-13 15:57:53.362425,1.5,12
2025-07-13 15:57:56.385994,1.2,12
2025-07-13 15:57:59.423771,1.9,12
2025-07-13 15:58:02.462313,2.4,12
2025-07-13 15:58:05.493153,4.5,12
2025-07-13 15:58:08.531568,1.9,12
2025-07-13 15:58:11.569675,1.3,12
2025-07-13 15:58:14.600856,3.1,12
2025-07-13 15:58:17.620309,4.4,12
2025-07-13 15:58:20.662461,1.9,12
2025-07-13 15:58:23.694008,7.3,12
2025-07-13 15:58:26.765708,2.2,12
2025-07-13 15:58:29.821806,2.2,12
2025-07-13 15:58:32.848408,1.7,12
2025-07-13 15:58:35.876774,1.3,12
2025-07-13 15:58:38.908784,2.2,12
2025-07-13 15:58:41.945949,2.2,12
2025-07-13 15:58:44.986044,4.9,12
2025-07-13 15:58:48.017455,2.0,12
2025-07-13 15:58:51.060641,2.3,12
2025-07-13 15:58:54.093113,7.4,12
2025-07-13 15:58:57.108157,2.5,12
2025-07-13 15:59:00.136029,3.2,12
2025-07-13 15:59:03.169753,4.7,12
2025-07-13 15:59:06.210583,2.3,12
2025-07-13 15:59:09.240819,2.8,12
2025-07-13 15:59:12.269318,6.2,12
2025-07-13 15:59:15.305770,3.2,12
2025-07-13 15:59:18.338962,4.5,12
2025-07-13 15:59:21.374582,5.9,12
2025-07-13 15:59:24.409977,1.4,12
2025-07-13 15:59:27.433347,1.8,12
2025-07-13 15:59:30.461221,5.1,12
2025-07-13 15:59:33.486948,1.8,12
2025-07-13 15:59:36.527021,3.5,12
2025-07-13 15:59:39.567324,1.8,12
2025-07-13 15:59:42.589792,7.5,12
2025-07-13 15:59:45.632905,1.8,12
2025-07-13 15:59:48.665919,2.5,12
2025-07-13 15:59:51.684875,1.0,12
2025-07-13 15:59:54.706885,4.7,12
2025-07-13 15:59:57.752546,2.2,12
2025-07-13 16:00:00.774165,6.9,12
2025-07-13 16:00:03.806317,0.9,12
2025-07-13 16:00:06.839480,1.8,12
2025-07-13 16:00:09.876722,2.8,12
2025-07-13 16:00:12.915986,2.7,12
2025-07-13 16:00:15.960791,1.3,12
2025-07-13 16:00:18.996218,3.9,12
2025-07-13 16:00:22.036414,1.2,12
2025-07-13 16:00:25.055163,10.6,12
2025-07-13 16:00:28.087899,2.5,12
2025-07-13 16:00:31.123872,8.2,12
2025-07-13 16:00:34.162921,3.8,12
2025-07-13 16:00:37.203169,5.9,12
2025-07-13 16:00:40.242208,2.2,12
2025-07-13 16:00:43.281422,2.4,12
2025-07-13 16:00:46.309503,1.4,12
2025-07-13 16:00:49.360968,1.8,12
2025-07-13 16:00:52.419321,2.7,12
2025-07-13 16:00:55.460149,3.0,12
2025-07-13 16:00:58.499018,4.9,12
2025-07-13 16:01:01.534355,2.8,12
2025-07-13 16:01:04.572328,1.5,12
2025-07-13 16:01:07.610192,4.0,12
2025-07-13 16:01:10.646144,1.7,12
2025-07-13 16:01:13.674437,2.7,12
2025-07-13 16:01:16.717308,2.6,12
2025-07-13 16:01:19.757796,2.3,12
2025-07-13 16:01:22.793698,4.0,12
2025-07-13 16:01:25.833141,1.9,12
2025-07-13 16:01:28.868176,2.7,12
2025-07-13 16:01:31.898022,6.5,12
2025-07-13 16:01:34.927494,1.9,12
2025-07-13 16:01:37.972608,5.2,12
2025-07-13 16:01:41.012971,3.4,12
2025-07-13 16:01:44.054384,1.3,12
2025-07-13 16:01:47.094409,9.7,12
2025-07-13 16:01:50.131398,1.8,12
2025-07-13 16:01:53.165231,1.9,12
2025-07-13 16:01:56.198625,2.2,12
2025-07-13 16:01:59.237000,2.9,12
2025-07-13 16:02:02.271755,1.0,12
2025-07-13 16:02:05.305669,2.4,12
2025-07-13 16:02:08.349618,3.1,12
2025-07-13 16:02:11.390121,6.1,12
2025-07-13 16:02:14.432309,1.5,12
2025-07-13 16:02:17.473370,3.5,12
2025-07-13 16:02:20.529517,2.3,12
2025-07-13 16:02:23.563255,8.6,12
2025-07-13 16:02:26.600302,3.0,12
2025-07-13 16:02:29.638955,4.5,12
2025-07-13 16:02:32.677617,1.5,12
2025-07-13 16:02:35.711199,1.4,12
2025-07-13 16:02:38.746637,1.8,12
2025-07-13 16:02:41.790155,1.4,12
2025-07-13 16:02:44.831844,4.0,12
2025-07-13 16:02:47.868297,4.1,12
2025-07-13 16:02:50.909778,3.7,12
2025-07-13 16:02:53.941014,2.6,12
2025-07-13 16:02:56.982013,2.9,12
2025-07-13 16:03:00.044887,1.3,12
2025-07-13 16:03:03.078532,2.2,12
2025-07-13 16:03:06.106895,3.3,12
2025-07-13 16:03:09.147133,2.3,12
2025-07-13 16:03:12.187034,1.3,12
2025-07-13 16:03:15.227104,2.0,12
2025-07-13 16:03:18.268474,7.7,12
2025-07-13 16:03:21.310098,1.3,12
2025-07-13 16:03:24.346688,0.8,12
2025-07-13 16:03:27.386702,1.9,12
2025-07-13 16:03:30.414896,1.3,12
2025-07-13 16:03:33.430775,1.8,12
2025-07-13 16:03:36.453617,2.1,12
2025-07-13 16:03:39.488616,1.7,12
2025-07-13 16:03:42.531496,4.2,12
2025-07-13 16:03:45.558375,2.1,12
2025-07-13 16:03:48.596845,5.0,12
2025-07-13 16:03:51.651484,1.4,12
2025-07-13 16:03:54.690441,4.3,12
2025-07-13 16:03:57.725788,2.3,12
2025-07-13 16:04:00.767467,3.8,12
2025-07-13 16:04:03.792482,1.9,12
2025-07-13 16:04:06.825732,2.6,12
2025-07-13 16:04:09.853969,2.4,12
2025-07-13 16:04:12.895677,2.6,12
2025-07-13 16:04:15.931588,2.2,12
2025-07-13 16:04:18.964500,2.1,12
2025-07-13 16:04:21.991118,1.7,12
2025-07-13 16:04:25.030296,8.3,12
2025-07-13 16:04:28.056681,1.0,12
2025-07-13 16:04:31.071584,0.9,12
2025-07-13 16:04:34.127254,2.0,12
2025-07-13 16:04:37.231801,1.4,12
2025-07-13 16:04:40.273362,7.0,12
2025-07-13 16:04:43.293483,2.3,12
2025-07-13 16:04:46.328494,4.4,12
2025-07-13 16:04:49.356639,1.9,12
2025-07-13 16:04:52.397138,1.4,12
2025-07-13 16:04:55.421822,2.6,12
2025-07-13 16:04:58.463901,1.9,12
2025-07-13 16:05:01.505101,2.0,12
2025-07-13 16:05:04.540308,1.4,12
2025-07-13 16:05:07.580053,4.3,12
2025-07-13 16:05:10.612472,2.8,12
2025-07-13 16:05:13.636047,2.8,12
2025-07-13 16:05:16.664418,2.5,12
2025-07-13 16:05:19.692844,2.2,12
2025-07-13 16:05:22.753220,8.9,12
2025-07-13 16:05:25.836265,1.8,12
2025-07-13 16:05:28.874839,4.9,12
2025-07-13 16:05:31.901774,2.3,12
2025-07-13 16:05:34.942878,2.3,12
2025-07-13 16:05:37.970125,2.2,12
