Timestamp,Memory_Percent,Used_GB,Total_GB
2025-07-13 14:14:34.492254,35.9,5.515712738037109,15.366016387939453
2025-07-13 14:14:35.540987,36.1,5.554561614990234,15.366016387939453
2025-07-13 14:14:36.550968,36.2,5.554828643798828,15.366016387939453
2025-07-13 14:14:37.615705,36.2,5.558399200439453,15.366016387939453
2025-07-13 14:14:38.656905,36.2,5.5628814697265625,15.366016387939453
2025-07-13 14:14:39.685026,36.2,5.5591888427734375,15.366016387939453
2025-07-13 14:14:40.700609,36.2,5.564430236816406,15.366016387939453
2025-07-13 14:14:41.711256,36.1,5.547740936279297,15.366016387939453
2025-07-13 14:14:42.720480,36.1,5.546134948730469,15.366016387939453
2025-07-13 14:14:43.743158,36.1,5.547752380371094,15.366016387939453
2025-07-13 14:14:44.752710,36.1,5.548046112060547,15.366016387939453
2025-07-13 14:14:45.764707,36.1,5.547611236572266,15.366016387939453
2025-07-13 14:14:46.774993,36.1,5.548358917236328,15.366016387939453
2025-07-13 14:14:47.783523,36.1,5.548683166503906,15.366016387939453
2025-07-13 14:14:48.793402,36.1,5.548423767089844,15.366016387939453
2025-07-13 14:14:49.815206,36.1,5.541557312011719,15.366016387939453
2025-07-13 14:14:50.831275,36.1,5.54150390625,15.366016387939453
2025-07-13 14:14:51.845368,36.1,5.542198181152344,15.366016387939453
2025-07-13 14:14:52.856668,36.1,5.551692962646484,15.366016387939453
2025-07-13 14:14:53.865389,36.1,5.553028106689453,15.366016387939453
2025-07-13 14:14:54.877729,36.0,5.53045654296875,15.366016387939453
2025-07-13 14:14:55.893604,36.0,5.530570983886719,15.366016387939453
2025-07-13 14:14:56.902486,36.0,5.530479431152344,15.366016387939453
2025-07-13 14:14:57.914903,36.0,5.530773162841797,15.366016387939453
2025-07-13 14:14:58.930778,36.1,5.544689178466797,15.366016387939453
2025-07-13 14:14:59.939015,36.1,5.544673919677734,15.366016387939453
2025-07-13 14:15:00.951954,36.1,5.547004699707031,15.366016387939453
2025-07-13 14:15:01.964536,36.1,5.546669006347656,15.366016387939453
2025-07-13 14:15:02.978961,36.1,5.546436309814453,15.366016387939453
2025-07-13 14:15:03.995726,36.1,5.547771453857422,15.366016387939453
2025-07-13 14:15:05.007836,36.1,5.548259735107422,15.366016387939453
2025-07-13 14:15:06.019962,36.1,5.548755645751953,15.366016387939453
2025-07-13 14:15:07.035727,36.1,5.548530578613281,15.366016387939453
2025-07-13 14:15:08.047534,36.1,5.548683166503906,15.366016387939453
2025-07-13 14:15:09.061626,36.1,5.5491485595703125,15.366016387939453
2025-07-13 14:15:10.075268,36.1,5.549076080322266,15.366016387939453
2025-07-13 14:15:11.091216,36.1,5.549140930175781,15.366016387939453
2025-07-13 14:15:12.101561,36.1,5.548938751220703,15.366016387939453
2025-07-13 14:15:13.142194,36.1,5.549003601074219,15.366016387939453
2025-07-13 14:15:14.155598,36.1,5.548870086669922,15.366016387939453
2025-07-13 14:15:15.172163,36.1,5.5491180419921875,15.366016387939453
2025-07-13 14:15:16.187380,36.1,5.549266815185547,15.366016387939453
2025-07-13 14:15:17.223504,36.1,5.549064636230469,15.366016387939453
2025-07-13 14:15:18.233259,36.1,5.549205780029297,15.366016387939453
2025-07-13 14:15:19.244683,36.1,5.549285888671875,15.366016387939453
2025-07-13 14:15:20.270193,36.2,5.5618896484375,15.366016387939453
2025-07-13 14:15:21.311559,36.2,5.562164306640625,15.366016387939453
2025-07-13 14:15:22.320182,36.2,5.559089660644531,15.366016387939453
2025-07-13 14:15:23.333403,36.2,5.558929443359375,15.366016387939453
2025-07-13 14:15:24.343980,36.2,5.558307647705078,15.366016387939453
2025-07-13 14:15:25.360319,36.2,5.555644989013672,15.366016387939453
2025-07-13 14:15:26.371271,36.2,5.555908203125,15.366016387939453
2025-07-13 14:15:27.388676,36.2,5.556354522705078,15.366016387939453
2025-07-13 14:15:28.411735,36.1,5.551326751708984,15.366016387939453
2025-07-13 14:15:29.421864,36.1,5.549839019775391,15.366016387939453
2025-07-13 14:15:30.435438,36.2,5.555816650390625,15.366016387939453
2025-07-13 14:15:31.446471,36.2,5.556205749511719,15.366016387939453
2025-07-13 14:15:32.459919,36.2,5.557106018066406,15.366016387939453
2025-07-13 14:15:33.474449,36.2,5.5572357177734375,15.366016387939453
2025-07-13 14:15:34.496731,36.2,5.556217193603516,15.366016387939453
2025-07-13 14:15:35.510195,36.2,5.55615234375,15.366016387939453
2025-07-13 14:15:36.518445,36.2,5.554882049560547,15.366016387939453
2025-07-13 14:15:37.541981,36.1,5.554298400878906,15.366016387939453
2025-07-13 14:15:38.575038,36.1,5.554637908935547,15.366016387939453
2025-07-13 14:15:39.621953,36.1,5.554248809814453,15.366016387939453
2025-07-13 14:15:40.668104,36.1,5.553684234619141,15.366016387939453
2025-07-13 14:15:41.676511,36.1,5.554004669189453,15.366016387939453
2025-07-13 14:15:42.689343,36.1,5.554225921630859,15.366016387939453
2025-07-13 14:15:43.700698,36.1,5.554584503173828,15.366016387939453
2025-07-13 14:15:44.723560,36.1,5.554256439208984,15.366016387939453
2025-07-13 14:15:45.741661,36.1,5.554454803466797,15.366016387939453
2025-07-13 14:15:46.754211,36.1,5.554351806640625,15.366016387939453
2025-07-13 14:15:47.767542,36.2,5.560680389404297,15.366016387939453
2025-07-13 14:15:48.790912,36.2,5.561092376708984,15.366016387939453
2025-07-13 14:15:49.810700,36.2,5.560512542724609,15.366016387939453
2025-07-13 14:15:50.823726,36.2,5.560352325439453,15.366016387939453
2025-07-13 14:15:51.838499,36.2,5.560321807861328,15.366016387939453
2025-07-13 14:15:52.857141,36.2,5.560234069824219,15.366016387939453
2025-07-13 14:15:53.873298,36.2,5.56036376953125,15.366016387939453
2025-07-13 14:15:54.888682,36.2,5.560218811035156,15.366016387939453
2025-07-13 14:15:55.901492,36.2,5.560005187988281,15.366016387939453
2025-07-13 14:15:56.914469,36.2,5.558872222900391,15.366016387939453
2025-07-13 14:15:57.925943,36.2,5.569744110107422,15.366016387939453
2025-07-13 14:15:58.935198,36.3,5.5850372314453125,15.366016387939453
2025-07-13 14:15:59.944127,36.4,5.593391418457031,15.366016387939453
2025-07-13 14:16:00.953022,36.5,5.610191345214844,15.366016387939453
2025-07-13 14:16:01.973518,36.5,5.605884552001953,15.366016387939453
2025-07-13 14:16:02.983460,36.2,5.5662841796875,15.366016387939453
2025-07-13 14:16:04.000786,36.2,5.564472198486328,15.366016387939453
2025-07-13 14:16:05.008893,36.2,5.56378173828125,15.366016387939453
2025-07-13 14:16:06.018691,36.2,5.562889099121094,15.366016387939453
2025-07-13 14:16:07.029558,36.2,5.561805725097656,15.366016387939453
2025-07-13 14:16:08.042982,36.2,5.561473846435547,15.366016387939453
2025-07-13 14:16:09.057312,36.2,5.561527252197266,15.366016387939453
2025-07-13 14:16:10.070106,36.2,5.561100006103516,15.366016387939453
2025-07-13 14:16:11.081872,36.2,5.5604095458984375,15.366016387939453
2025-07-13 14:16:12.094485,36.2,5.560489654541016,15.366016387939453
2025-07-13 14:16:13.119803,36.2,5.560333251953125,15.366016387939453
2025-07-13 14:16:14.137114,36.2,5.560295104980469,15.366016387939453
2025-07-13 14:16:15.151102,36.2,5.560077667236328,15.366016387939453
2025-07-13 14:16:16.167823,36.2,5.560325622558594,15.366016387939453
2025-07-13 14:16:17.211807,36.2,5.5594024658203125,15.366016387939453
2025-07-13 14:16:18.223502,36.2,5.559818267822266,15.366016387939453
2025-07-13 14:16:19.233251,36.2,5.559783935546875,15.366016387939453
2025-07-13 14:16:20.246491,36.2,5.559940338134766,15.366016387939453
2025-07-13 14:16:21.281552,36.2,5.559925079345703,15.366016387939453
2025-07-13 14:16:22.292253,36.2,5.559906005859375,15.366016387939453
2025-07-13 14:16:23.307256,36.2,5.560062408447266,15.366016387939453
2025-07-13 14:16:24.325108,36.2,5.560230255126953,15.366016387939453
2025-07-13 14:16:25.348311,36.2,5.559726715087891,15.366016387939453
2025-07-13 14:16:26.360335,36.2,5.559726715087891,15.366016387939453
2025-07-13 14:16:27.370629,36.2,5.5596771240234375,15.366016387939453
2025-07-13 14:16:28.387158,36.2,5.559406280517578,15.366016387939453
2025-07-13 14:16:29.395436,36.2,5.559722900390625,15.366016387939453
2025-07-13 14:16:30.410387,36.2,5.559604644775391,15.366016387939453
2025-07-13 14:16:31.421774,36.2,5.559814453125,15.366016387939453
2025-07-13 14:16:32.437205,36.2,5.5600128173828125,15.366016387939453
2025-07-13 14:16:33.455736,36.4,5.5916900634765625,15.366016387939453
2025-07-13 14:16:34.468946,36.4,5.592067718505859,15.366016387939453
2025-07-13 14:16:35.485664,36.4,5.592037200927734,15.366016387939453
2025-07-13 14:16:36.500705,36.4,5.59210205078125,15.366016387939453
2025-07-13 14:16:37.518161,36.4,5.592189788818359,15.366016387939453
2025-07-13 14:16:38.527489,36.4,5.592216491699219,15.366016387939453
2025-07-13 14:16:39.554503,36.4,5.592323303222656,15.366016387939453
2025-07-13 14:16:40.593850,36.4,5.592235565185547,15.366016387939453
2025-07-13 14:16:41.640977,36.4,5.591327667236328,15.366016387939453
2025-07-13 14:16:42.686288,36.4,5.591819763183594,15.366016387939453
2025-07-13 14:16:43.721533,36.4,5.591602325439453,15.366016387939453
2025-07-13 14:16:44.750331,36.4,5.592380523681641,15.366016387939453
2025-07-13 14:16:45.804408,36.4,5.59185791015625,15.366016387939453
2025-07-13 14:16:46.848183,36.4,5.591594696044922,15.366016387939453
2025-07-13 14:16:47.873191,36.4,5.592041015625,15.366016387939453
2025-07-13 14:16:48.928621,36.4,5.5920562744140625,15.366016387939453
2025-07-13 14:16:49.976193,36.4,5.5921478271484375,15.366016387939453
2025-07-13 14:16:51.024024,36.4,5.592029571533203,15.366016387939453
2025-07-13 14:16:52.064798,36.4,5.592021942138672,15.366016387939453
2025-07-13 14:16:53.109211,36.4,5.591949462890625,15.366016387939453
2025-07-13 14:16:54.156703,36.4,5.591827392578125,15.366016387939453
2025-07-13 14:16:55.181322,36.4,5.591899871826172,15.366016387939453
2025-07-13 14:16:56.249394,36.4,5.5919342041015625,15.366016387939453
2025-07-13 14:16:57.297045,36.4,5.5915679931640625,15.366016387939453
2025-07-13 14:16:58.319219,36.4,5.591758728027344,15.366016387939453
2025-07-13 14:16:59.372683,36.4,5.591724395751953,15.366016387939453
2025-07-13 14:17:00.430315,36.4,5.5941314697265625,15.366016387939453
2025-07-13 14:17:01.476910,36.4,5.589763641357422,15.366016387939453
2025-07-13 14:17:02.514099,36.4,5.591300964355469,15.366016387939453
2025-07-13 14:17:03.562645,36.4,5.592132568359375,15.366016387939453
2025-07-13 14:17:04.606180,36.4,5.591850280761719,15.366016387939453
2025-07-13 14:17:05.646244,36.4,5.591876983642578,15.366016387939453
2025-07-13 14:17:06.687630,36.4,5.591701507568359,15.366016387939453
2025-07-13 14:17:07.733140,36.4,5.591575622558594,15.366016387939453
2025-07-13 14:17:08.778755,36.4,5.591552734375,15.366016387939453
2025-07-13 14:17:09.791791,36.4,5.5915374755859375,15.366016387939453
2025-07-13 14:17:10.822832,36.4,5.5914154052734375,15.366016387939453
2025-07-13 14:17:11.843059,36.4,5.591579437255859,15.366016387939453
2025-07-13 14:17:12.854967,36.4,5.591434478759766,15.366016387939453
2025-07-13 14:17:13.872386,36.4,5.591411590576172,15.366016387939453
2025-07-13 14:17:14.884316,36.4,5.591220855712891,15.366016387939453
2025-07-13 14:17:15.898261,36.4,5.591583251953125,15.366016387939453
2025-07-13 14:17:16.921332,36.4,5.591259002685547,15.366016387939453
2025-07-13 14:17:17.931561,36.4,5.591331481933594,15.366016387939453
2025-07-13 14:17:18.945218,36.4,5.591320037841797,15.366016387939453
2025-07-13 14:17:19.961541,36.4,5.5912322998046875,15.366016387939453
2025-07-13 14:17:20.977606,36.4,5.591259002685547,15.366016387939453
2025-07-13 14:17:21.985847,36.4,5.591087341308594,15.366016387939453
2025-07-13 14:17:23.005274,36.4,5.591327667236328,15.366016387939453
2025-07-13 14:17:24.013112,36.4,5.591011047363281,15.366016387939453
2025-07-13 14:17:25.030650,36.4,5.597400665283203,15.366016387939453
2025-07-13 14:17:26.041847,36.4,5.598392486572266,15.366016387939453
2025-07-13 14:17:27.056260,36.5,5.609157562255859,15.366016387939453
2025-07-13 14:17:28.077604,36.9,5.6687469482421875,15.366016387939453
2025-07-13 14:17:29.088289,36.9,5.669994354248047,15.366016387939453
2025-07-13 14:17:30.097066,36.9,5.671245574951172,15.366016387939453
2025-07-13 14:17:31.108502,36.9,5.674827575683594,15.366016387939453
2025-07-13 14:17:32.131450,37.1,5.703136444091797,15.366016387939453
2025-07-13 14:17:33.153915,37.1,5.7040557861328125,15.366016387939453
2025-07-13 14:17:34.176457,37.1,5.695037841796875,15.366016387939453
2025-07-13 14:17:35.186111,37.1,5.697151184082031,15.366016387939453
2025-07-13 14:17:36.195972,37.1,5.696800231933594,15.366016387939453
2025-07-13 14:17:37.206285,37.2,5.712837219238281,15.366016387939453
2025-07-13 14:17:38.267776,38.2,5.874813079833984,15.366016387939453
2025-07-13 14:17:39.281527,38.4,5.901416778564453,15.366016387939453
2025-07-13 14:17:40.292268,38.4,5.902351379394531,15.366016387939453
2025-07-13 14:17:41.308572,38.3,5.892665863037109,15.366016387939453
2025-07-13 14:17:42.323522,38.4,5.9044952392578125,15.366016387939453
2025-07-13 14:17:43.332642,38.5,5.914783477783203,15.366016387939453
2025-07-13 14:17:44.354448,38.5,5.917194366455078,15.366016387939453
2025-07-13 14:17:45.376911,38.5,5.917381286621094,15.366016387939453
2025-07-13 14:17:46.395058,38.5,5.913516998291016,15.366016387939453
2025-07-13 14:17:47.403719,38.4,5.906120300292969,15.366016387939453
2025-07-13 14:17:48.424583,38.5,5.909412384033203,15.366016387939453
2025-07-13 14:17:49.435117,38.5,5.9092864990234375,15.366016387939453
2025-07-13 14:17:50.455621,38.4,5.895606994628906,15.366016387939453
2025-07-13 14:17:51.470404,38.4,5.8951873779296875,15.366016387939453
2025-07-13 14:17:52.481524,38.4,5.894237518310547,15.366016387939453
2025-07-13 14:17:53.494398,38.4,5.89453125,15.366016387939453
2025-07-13 14:17:54.507064,38.4,5.894794464111328,15.366016387939453
2025-07-13 14:17:55.523506,38.4,5.894107818603516,15.366016387939453
2025-07-13 14:17:56.537582,38.4,5.894268035888672,15.366016387939453
2025-07-13 14:17:57.549238,38.3,5.881343841552734,15.366016387939453
2025-07-13 14:17:58.563916,38.3,5.885074615478516,15.366016387939453
2025-07-13 14:17:59.571364,38.3,5.884326934814453,15.366016387939453
2025-07-13 14:18:00.585578,38.3,5.885082244873047,15.366016387939453
2025-07-13 14:18:01.605727,38.3,5.883094787597656,15.366016387939453
2025-07-13 14:18:02.648977,38.3,5.8827972412109375,15.366016387939453
2025-07-13 14:18:03.691021,38.3,5.882301330566406,15.366016387939453
2025-07-13 14:18:04.728390,38.3,5.881664276123047,15.366016387939453
2025-07-13 14:18:05.773649,38.3,5.883464813232422,15.366016387939453
2025-07-13 14:18:06.819386,38.3,5.881866455078125,15.366016387939453
2025-07-13 14:18:07.860662,38.3,5.881771087646484,15.366016387939453
2025-07-13 14:18:08.904845,38.3,5.8818206787109375,15.366016387939453
2025-07-13 14:18:09.949624,38.3,5.881099700927734,15.366016387939453
2025-07-13 14:18:10.988486,38.3,5.880176544189453,15.366016387939453
2025-07-13 14:18:12.006521,38.3,5.880504608154297,15.366016387939453
2025-07-13 14:18:13.020179,38.3,5.879627227783203,15.366016387939453
2025-07-13 14:18:14.034926,38.2,5.875160217285156,15.366016387939453
2025-07-13 14:18:15.053125,38.2,5.875099182128906,15.366016387939453
2025-07-13 14:18:16.061601,38.2,5.874607086181641,15.366016387939453
2025-07-13 14:18:17.078686,38.2,5.874355316162109,15.366016387939453
2025-07-13 14:18:18.092486,38.2,5.874225616455078,15.366016387939453
2025-07-13 14:18:19.102118,38.2,5.874382019042969,15.366016387939453
2025-07-13 14:18:20.119666,38.2,5.8741455078125,15.366016387939453
2025-07-13 14:18:21.130595,38.2,5.874187469482422,15.366016387939453
2025-07-13 14:18:22.152782,38.2,5.871807098388672,15.366016387939453
2025-07-13 14:18:23.164453,38.2,5.872203826904297,15.366016387939453
2025-07-13 14:18:24.174164,38.2,5.874767303466797,15.366016387939453
2025-07-13 14:18:25.188002,38.2,5.872039794921875,15.366016387939453
2025-07-13 14:18:26.200521,38.2,5.874969482421875,15.366016387939453
2025-07-13 14:18:27.209298,38.2,5.875579833984375,15.366016387939453
2025-07-13 14:18:28.219421,38.2,5.875274658203125,15.366016387939453
2025-07-13 14:18:29.233496,38.2,5.875377655029297,15.366016387939453
2025-07-13 14:18:30.250925,38.2,5.875175476074219,15.366016387939453
2025-07-13 14:18:31.261493,38.2,5.87518310546875,15.366016387939453
2025-07-13 14:18:32.274598,38.2,5.875274658203125,15.366016387939453
2025-07-13 14:18:33.286584,38.2,5.875324249267578,15.366016387939453
2025-07-13 14:18:34.298492,38.2,5.875316619873047,15.366016387939453
2025-07-13 14:18:35.310974,38.2,5.875255584716797,15.366016387939453
2025-07-13 14:18:36.323692,38.2,5.875740051269531,15.366016387939453
2025-07-13 14:18:37.339544,38.2,5.875698089599609,15.366016387939453
2025-07-13 14:18:38.349725,38.2,5.875450134277344,15.366016387939453
2025-07-13 14:18:39.363850,38.2,5.875640869140625,15.366016387939453
2025-07-13 14:18:40.377590,38.2,5.875537872314453,15.366016387939453
2025-07-13 14:18:41.400792,38.2,5.875530242919922,15.366016387939453
2025-07-13 14:18:42.413319,38.2,5.872310638427734,15.366016387939453
2025-07-13 14:18:43.426028,38.2,5.869514465332031,15.366016387939453
2025-07-13 14:18:44.436316,38.2,5.868736267089844,15.366016387939453
2025-07-13 14:18:45.459996,38.2,5.869407653808594,15.366016387939453
2025-07-13 14:18:46.479008,38.2,5.870426177978516,15.366016387939453
2025-07-13 14:18:47.491569,38.2,5.870845794677734,15.366016387939453
2025-07-13 14:18:48.510627,38.2,5.870708465576172,15.366016387939453
2025-07-13 14:18:49.535786,38.2,5.870521545410156,15.366016387939453
2025-07-13 14:18:50.547269,38.2,5.8705902099609375,15.366016387939453
2025-07-13 14:18:51.559367,38.2,5.873695373535156,15.366016387939453
2025-07-13 14:18:52.588749,38.2,5.873466491699219,15.366016387939453
2025-07-13 14:18:53.599267,38.2,5.873271942138672,15.366016387939453
2025-07-13 14:18:54.615414,38.2,5.873569488525391,15.366016387939453
2025-07-13 14:18:55.628346,38.2,5.873439788818359,15.366016387939453
2025-07-13 14:18:56.641002,38.2,5.873237609863281,15.366016387939453
2025-07-13 14:18:57.655766,38.2,5.873424530029297,15.366016387939453
2025-07-13 14:18:58.666149,38.2,5.873191833496094,15.366016387939453
2025-07-13 14:18:59.682687,38.2,5.8728179931640625,15.366016387939453
2025-07-13 14:19:00.697038,38.2,5.874103546142578,15.366016387939453
2025-07-13 14:19:01.710644,38.2,5.873649597167969,15.366016387939453
2025-07-13 14:19:02.721799,38.2,5.873600006103516,15.366016387939453
2025-07-13 14:19:03.731605,38.2,5.873298645019531,15.366016387939453
2025-07-13 14:19:04.744145,38.2,5.872165679931641,15.366016387939453
2025-07-13 14:19:05.756225,38.2,5.872467041015625,15.366016387939453
2025-07-13 14:19:06.767838,38.2,5.872486114501953,15.366016387939453
2025-07-13 14:19:07.792513,38.2,5.871734619140625,15.366016387939453
2025-07-13 14:19:08.839920,38.2,5.871879577636719,15.366016387939453
2025-07-13 14:19:09.852324,38.2,5.871936798095703,15.366016387939453
2025-07-13 14:19:10.906843,38.2,5.8714599609375,15.366016387939453
2025-07-13 14:19:11.925430,38.2,5.8715972900390625,15.366016387939453
2025-07-13 14:19:12.938450,38.2,5.870941162109375,15.366016387939453
2025-07-13 14:19:13.949431,38.2,5.869972229003906,15.366016387939453
2025-07-13 14:19:14.963610,38.2,5.872722625732422,15.366016387939453
2025-07-13 14:19:15.979076,38.2,5.872932434082031,15.366016387939453
2025-07-13 14:19:16.992447,38.1,5.853633880615234,15.366016387939453
2025-07-13 14:19:18.014365,37.8,5.811058044433594,15.366016387939453
2025-07-13 14:19:19.027385,37.8,5.810249328613281,15.366016387939453
2025-07-13 14:19:20.038705,37.8,5.809932708740234,15.366016387939453
2025-07-13 14:19:21.050912,37.8,5.80987548828125,15.366016387939453
2025-07-13 14:19:22.062453,37.8,5.809700012207031,15.366016387939453
2025-07-13 14:19:23.080517,37.8,5.809566497802734,15.366016387939453
2025-07-13 14:19:24.094347,37.8,5.809696197509766,15.366016387939453
2025-07-13 14:19:25.106669,37.8,5.809898376464844,15.366016387939453
2025-07-13 14:19:26.124786,37.8,5.810207366943359,15.366016387939453
2025-07-13 14:19:27.133752,37.8,5.810298919677734,15.366016387939453
2025-07-13 14:19:28.142260,37.8,5.809963226318359,15.366016387939453
2025-07-13 14:19:29.154339,37.8,5.809932708740234,15.366016387939453
2025-07-13 14:19:30.164776,37.8,5.810264587402344,15.366016387939453
2025-07-13 14:19:31.173250,37.8,5.810188293457031,15.366016387939453
2025-07-13 14:19:32.184765,37.8,5.809883117675781,15.366016387939453
2025-07-13 14:19:33.206668,37.8,5.810184478759766,15.366016387939453
2025-07-13 14:19:34.228680,37.8,5.811191558837891,15.366016387939453
2025-07-13 14:19:35.243132,37.8,5.811168670654297,15.366016387939453
2025-07-13 14:19:36.254044,37.8,5.811290740966797,15.366016387939453
2025-07-13 14:19:37.278165,37.8,5.810955047607422,15.366016387939453
2025-07-13 14:19:38.289626,37.8,5.811023712158203,15.366016387939453
2025-07-13 14:19:39.298801,37.8,5.811344146728516,15.366016387939453
2025-07-13 14:19:40.307914,37.8,5.813106536865234,15.366016387939453
2025-07-13 14:19:41.323166,37.8,5.812873840332031,15.366016387939453
2025-07-13 14:19:42.336451,37.8,5.813014984130859,15.366016387939453
2025-07-13 14:19:43.349672,37.8,5.813632965087891,15.366016387939453
2025-07-13 14:19:44.359848,37.8,5.814208984375,15.366016387939453
2025-07-13 14:19:45.369397,37.8,5.813179016113281,15.366016387939453
2025-07-13 14:19:46.393335,37.8,5.813407897949219,15.366016387939453
2025-07-13 14:19:47.404417,37.8,5.814937591552734,15.366016387939453
2025-07-13 14:19:48.416412,37.8,5.814815521240234,15.366016387939453
2025-07-13 14:19:49.428237,37.8,5.814990997314453,15.366016387939453
2025-07-13 14:19:50.440210,37.8,5.814914703369141,15.366016387939453
2025-07-13 14:19:51.452667,37.8,5.814888000488281,15.366016387939453
2025-07-13 14:19:52.466270,37.9,5.816539764404297,15.366016387939453
2025-07-13 14:19:53.478788,37.9,5.816703796386719,15.366016387939453
2025-07-13 14:19:54.487153,37.9,5.816436767578125,15.366016387939453
2025-07-13 14:19:55.500310,37.9,5.816539764404297,15.366016387939453
2025-07-13 14:19:56.517273,37.9,5.816398620605469,15.366016387939453
2025-07-13 14:19:57.536130,37.9,5.816978454589844,15.366016387939453
2025-07-13 14:19:58.545822,37.9,5.817371368408203,15.366016387939453
2025-07-13 14:19:59.561670,37.9,5.817436218261719,15.366016387939453
2025-07-13 14:20:00.574449,37.9,5.818645477294922,15.366016387939453
2025-07-13 14:20:01.585596,37.9,5.818035125732422,15.366016387939453
2025-07-13 14:20:02.598112,37.9,5.818027496337891,15.366016387939453
2025-07-13 14:20:03.617124,37.9,5.817588806152344,15.366016387939453
2025-07-13 14:20:04.625501,37.9,5.8180694580078125,15.366016387939453
2025-07-13 14:20:05.638283,37.9,5.818290710449219,15.366016387939453
2025-07-13 14:20:06.652998,37.9,5.8182830810546875,15.366016387939453
2025-07-13 14:20:07.671001,37.9,5.818115234375,15.366016387939453
2025-07-13 14:20:08.694220,37.9,5.818225860595703,15.366016387939453
2025-07-13 14:20:09.716254,37.9,5.818260192871094,15.366016387939453
2025-07-13 14:20:10.732744,37.9,5.817913055419922,15.366016387939453
2025-07-13 14:20:11.741779,37.9,5.817726135253906,15.366016387939453
2025-07-13 14:20:12.764214,37.9,5.817729949951172,15.366016387939453
2025-07-13 14:20:13.782826,37.9,5.817745208740234,15.366016387939453
2025-07-13 14:20:14.799609,37.9,5.817344665527344,15.366016387939453
2025-07-13 14:20:15.816737,37.9,5.817146301269531,15.366016387939453
2025-07-13 14:20:16.841195,37.9,5.817131042480469,15.366016387939453
2025-07-13 14:20:17.849210,37.9,5.817249298095703,15.366016387939453
2025-07-13 14:20:18.868939,37.9,5.8173675537109375,15.366016387939453
2025-07-13 14:20:19.882642,37.9,5.817073822021484,15.366016387939453
2025-07-13 14:20:20.897481,37.9,5.817474365234375,15.366016387939453
2025-07-13 14:20:21.908973,37.9,5.817893981933594,15.366016387939453
2025-07-13 14:20:22.920185,37.9,5.817699432373047,15.366016387939453
2025-07-13 14:20:23.928747,37.9,5.818027496337891,15.366016387939453
2025-07-13 14:20:24.940787,37.9,5.817928314208984,15.366016387939453
2025-07-13 14:20:25.949333,37.9,5.817665100097656,15.366016387939453
2025-07-13 14:20:26.958217,37.9,5.817798614501953,15.366016387939453
2025-07-13 14:20:27.971450,37.8,5.815448760986328,15.366016387939453
2025-07-13 14:20:28.993612,37.9,5.825252532958984,15.366016387939453
2025-07-13 14:20:30.003287,37.9,5.823783874511719,15.366016387939453
2025-07-13 14:20:31.016765,37.9,5.824531555175781,15.366016387939453
2025-07-13 14:20:32.025949,37.9,5.824928283691406,15.366016387939453
2025-07-13 14:20:33.033427,37.9,5.824806213378906,15.366016387939453
2025-07-13 14:20:34.058582,37.9,5.825031280517578,15.366016387939453
2025-07-13 14:20:35.068329,37.9,5.82464599609375,15.366016387939453
2025-07-13 14:20:36.082402,37.9,5.8251495361328125,15.366016387939453
2025-07-13 14:20:37.095749,37.9,5.824867248535156,15.366016387939453
2025-07-13 14:20:38.105784,37.9,5.824821472167969,15.366016387939453
2025-07-13 14:20:39.117237,37.9,5.824981689453125,15.366016387939453
2025-07-13 14:20:40.129646,37.9,5.825443267822266,15.366016387939453
2025-07-13 14:20:41.141439,37.9,5.825534820556641,15.366016387939453
2025-07-13 14:20:42.151800,37.9,5.825305938720703,15.366016387939453
2025-07-13 14:20:43.163771,37.9,5.825286865234375,15.366016387939453
2025-07-13 14:20:44.176761,37.9,5.824714660644531,15.366016387939453
2025-07-13 14:20:45.189242,37.9,5.8251190185546875,15.366016387939453
2025-07-13 14:20:46.196758,37.9,5.8237457275390625,15.366016387939453
2025-07-13 14:20:47.209196,37.9,5.8227996826171875,15.366016387939453
2025-07-13 14:20:48.222679,37.9,5.825004577636719,15.366016387939453
2025-07-13 14:20:49.235893,37.9,5.824878692626953,15.366016387939453
2025-07-13 14:20:50.249733,37.9,5.825191497802734,15.366016387939453
2025-07-13 14:20:51.262237,37.9,5.825107574462891,15.366016387939453
2025-07-13 14:20:52.275316,37.9,5.824985504150391,15.366016387939453
2025-07-13 14:20:53.291036,37.9,5.825237274169922,15.366016387939453
2025-07-13 14:20:54.307037,37.9,5.824863433837891,15.366016387939453
2025-07-13 14:20:55.317463,37.9,5.825050354003906,15.366016387939453
2025-07-13 14:20:56.329949,37.9,5.824680328369141,15.366016387939453
2025-07-13 14:20:57.344844,37.9,5.8250732421875,15.366016387939453
2025-07-13 14:20:58.361396,37.9,5.825172424316406,15.366016387939453
2025-07-13 14:20:59.378220,37.9,5.825336456298828,15.366016387939453
2025-07-13 14:21:00.389336,37.9,5.825244903564453,15.366016387939453
2025-07-13 14:21:01.409184,37.9,5.825325012207031,15.366016387939453
2025-07-13 14:21:02.456589,37.9,5.825679779052734,15.366016387939453
2025-07-13 14:21:03.500234,37.9,5.826168060302734,15.366016387939453
2025-07-13 14:21:04.544166,37.9,5.8256378173828125,15.366016387939453
2025-07-13 14:21:05.585301,37.9,5.826000213623047,15.366016387939453
2025-07-13 14:21:06.627331,37.9,5.825920104980469,15.366016387939453
2025-07-13 14:21:07.668274,37.9,5.825634002685547,15.366016387939453
2025-07-13 14:21:08.712828,37.9,5.825588226318359,15.366016387939453
2025-07-13 14:21:09.752008,37.9,5.8254547119140625,15.366016387939453
2025-07-13 14:21:10.796207,37.9,5.825523376464844,15.366016387939453
2025-07-13 14:21:11.835985,37.9,5.8253631591796875,15.366016387939453
2025-07-13 14:21:12.878768,37.9,5.8253936767578125,15.366016387939453
2025-07-13 14:21:13.929618,37.9,5.8252410888671875,15.366016387939453
2025-07-13 14:21:14.973130,37.9,5.824623107910156,15.366016387939453
2025-07-13 14:21:15.991842,37.9,5.8246917724609375,15.366016387939453
2025-07-13 14:21:17.001874,37.9,5.824104309082031,15.366016387939453
2025-07-13 14:21:18.019083,37.9,5.824344635009766,15.366016387939453
2025-07-13 14:21:19.031317,37.9,5.824211120605469,15.366016387939453
2025-07-13 14:21:20.048359,37.9,5.823921203613281,15.366016387939453
2025-07-13 14:21:21.065073,37.9,5.824214935302734,15.366016387939453
2025-07-13 14:21:22.080412,37.9,5.824249267578125,15.366016387939453
2025-07-13 14:21:23.094413,37.9,5.824253082275391,15.366016387939453
2025-07-13 14:21:24.104927,37.9,5.820652008056641,15.366016387939453
2025-07-13 14:21:25.113271,37.9,5.821281433105469,15.366016387939453
2025-07-13 14:21:26.127693,37.9,5.821208953857422,15.366016387939453
2025-07-13 14:21:27.136647,37.9,5.820781707763672,15.366016387939453
2025-07-13 14:21:28.161771,37.9,5.820796966552734,15.366016387939453
2025-07-13 14:21:29.173581,37.9,5.821231842041016,15.366016387939453
2025-07-13 14:21:30.183369,37.9,5.821163177490234,15.366016387939453
2025-07-13 14:21:31.196592,37.9,5.821071624755859,15.366016387939453
2025-07-13 14:21:32.219939,37.9,5.821193695068359,15.366016387939453
2025-07-13 14:21:33.230567,37.9,5.820930480957031,15.366016387939453
2025-07-13 14:21:34.241535,37.9,5.82122802734375,15.366016387939453
2025-07-13 14:21:35.253033,37.9,5.8209075927734375,15.366016387939453
2025-07-13 14:21:36.267188,37.9,5.820884704589844,15.366016387939453
2025-07-13 14:21:37.276041,37.9,5.820564270019531,15.366016387939453
2025-07-13 14:21:38.290361,37.9,5.820587158203125,15.366016387939453
2025-07-13 14:21:39.305670,37.9,5.820461273193359,15.366016387939453
2025-07-13 14:21:40.317824,37.9,5.820652008056641,15.366016387939453
2025-07-13 14:21:41.331660,37.9,5.820705413818359,15.366016387939453
2025-07-13 14:21:42.341462,37.9,5.82080078125,15.366016387939453
2025-07-13 14:21:43.350527,37.9,5.821746826171875,15.366016387939453
2025-07-13 14:21:44.363676,37.9,5.820583343505859,15.366016387939453
2025-07-13 14:21:45.374530,37.9,5.820720672607422,15.366016387939453
2025-07-13 14:21:46.387235,37.9,5.820381164550781,15.366016387939453
2025-07-13 14:21:47.397259,37.9,5.819248199462891,15.366016387939453
2025-07-13 14:21:48.419640,37.9,5.8193359375,15.366016387939453
2025-07-13 14:21:49.429410,37.9,5.820644378662109,15.366016387939453
2025-07-13 14:21:50.441519,37.9,5.820858001708984,15.366016387939453
2025-07-13 14:21:51.452440,37.9,5.820583343505859,15.366016387939453
2025-07-13 14:21:52.462351,37.9,5.820583343505859,15.366016387939453
2025-07-13 14:21:53.474543,37.9,5.820293426513672,15.366016387939453
2025-07-13 14:21:54.487554,37.9,5.820636749267578,15.366016387939453
2025-07-13 14:21:55.502902,37.9,5.820613861083984,15.366016387939453
2025-07-13 14:21:56.518879,37.9,5.820468902587891,15.366016387939453
2025-07-13 14:21:57.532854,37.9,5.820758819580078,15.366016387939453
2025-07-13 14:21:58.546961,37.9,5.821079254150391,15.366016387939453
2025-07-13 14:21:59.558971,37.9,5.820774078369141,15.366016387939453
2025-07-13 14:22:00.569675,37.9,5.821632385253906,15.366016387939453
2025-07-13 14:22:01.580512,37.9,5.821323394775391,15.366016387939453
2025-07-13 14:22:02.592766,37.9,5.821189880371094,15.366016387939453
2025-07-13 14:22:03.601961,37.9,5.8214874267578125,15.366016387939453
2025-07-13 14:22:04.616826,37.9,5.8211517333984375,15.366016387939453
2025-07-13 14:22:05.628260,37.9,5.821510314941406,15.366016387939453
2025-07-13 14:22:06.640041,37.9,5.8215179443359375,15.366016387939453
2025-07-13 14:22:07.652418,37.9,5.821155548095703,15.366016387939453
2025-07-13 14:22:08.662501,37.9,5.82122802734375,15.366016387939453
2025-07-13 14:22:09.676863,37.9,5.8211517333984375,15.366016387939453
2025-07-13 14:22:10.692910,37.9,5.819591522216797,15.366016387939453
2025-07-13 14:22:11.708452,37.9,5.819522857666016,15.366016387939453
2025-07-13 14:22:12.722776,37.9,5.819446563720703,15.366016387939453
2025-07-13 14:22:13.744561,37.9,5.819698333740234,15.366016387939453
2025-07-13 14:22:14.797283,37.9,5.819587707519531,15.366016387939453
2025-07-13 14:22:15.840630,37.9,5.819591522216797,15.366016387939453
2025-07-13 14:22:16.884449,37.9,5.8190155029296875,15.366016387939453
2025-07-13 14:22:17.898736,37.9,5.8193206787109375,15.366016387939453
2025-07-13 14:22:18.922407,37.9,5.818935394287109,15.366016387939453
2025-07-13 14:22:19.932925,37.9,5.819004058837891,15.366016387939453
2025-07-13 14:22:20.948885,37.9,5.8191986083984375,15.366016387939453
2025-07-13 14:22:21.960384,37.9,5.819408416748047,15.366016387939453
2025-07-13 14:22:22.979271,37.9,5.819225311279297,15.366016387939453
2025-07-13 14:22:23.993418,37.9,5.819194793701172,15.366016387939453
2025-07-13 14:22:25.005310,37.9,5.819740295410156,15.366016387939453
2025-07-13 14:22:26.021950,37.9,5.819736480712891,15.366016387939453
2025-07-13 14:22:27.037482,37.9,5.8197784423828125,15.366016387939453
2025-07-13 14:22:28.051665,37.9,5.817169189453125,15.366016387939453
2025-07-13 14:22:29.066761,37.9,5.818321228027344,15.366016387939453
2025-07-13 14:22:30.091629,37.9,5.818553924560547,15.366016387939453
2025-07-13 14:22:31.103373,37.9,5.818492889404297,15.366016387939453
2025-07-13 14:22:32.118793,37.9,5.818412780761719,15.366016387939453
2025-07-13 14:22:33.133039,37.9,5.818244934082031,15.366016387939453
2025-07-13 14:22:34.154047,37.9,5.818813323974609,15.366016387939453
2025-07-13 14:22:35.169070,37.9,5.817989349365234,15.366016387939453
2025-07-13 14:22:36.193004,37.9,5.818229675292969,15.366016387939453
2025-07-13 14:22:37.206309,37.9,5.818004608154297,15.366016387939453
2025-07-13 14:22:38.219806,37.9,5.818328857421875,15.366016387939453
2025-07-13 14:22:39.243085,37.9,5.818031311035156,15.366016387939453
2025-07-13 14:22:40.254087,37.9,5.818115234375,15.366016387939453
2025-07-13 14:22:41.265605,37.9,5.817848205566406,15.366016387939453
2025-07-13 14:22:42.277814,37.9,5.818073272705078,15.366016387939453
2025-07-13 14:22:43.289968,37.9,5.817813873291016,15.366016387939453
2025-07-13 14:22:44.306530,37.9,5.817882537841797,15.366016387939453
2025-07-13 14:22:45.317577,37.9,5.817523956298828,15.366016387939453
2025-07-13 14:22:46.331648,37.9,5.818248748779297,15.366016387939453
2025-07-13 14:22:47.338538,37.9,5.816230773925781,15.366016387939453
2025-07-13 14:22:48.362641,37.9,5.816638946533203,15.366016387939453
2025-07-13 14:22:49.371980,37.9,5.8168487548828125,15.366016387939453
2025-07-13 14:22:50.388002,37.9,5.817478179931641,15.366016387939453
2025-07-13 14:22:51.404246,37.9,5.817634582519531,15.366016387939453
2025-07-13 14:22:52.417050,37.9,5.817558288574219,15.366016387939453
2025-07-13 14:22:53.428467,37.9,5.817230224609375,15.366016387939453
2025-07-13 14:22:54.441663,37.9,5.818775177001953,15.366016387939453
2025-07-13 14:22:55.455518,37.9,5.819698333740234,15.366016387939453
2025-07-13 14:22:56.470390,37.9,5.819225311279297,15.366016387939453
2025-07-13 14:22:57.481656,37.9,5.8198394775390625,15.366016387939453
2025-07-13 14:22:58.492827,37.9,5.819950103759766,15.366016387939453
2025-07-13 14:22:59.515254,37.9,5.819454193115234,15.366016387939453
2025-07-13 14:23:00.537180,37.9,5.81939697265625,15.366016387939453
2025-07-13 14:23:01.545711,37.9,5.819389343261719,15.366016387939453
2025-07-13 14:23:02.556450,37.9,5.820732116699219,15.366016387939453
2025-07-13 14:23:03.570163,37.9,5.820945739746094,15.366016387939453
2025-07-13 14:23:04.585381,37.9,5.820140838623047,15.366016387939453
2025-07-13 14:23:05.598535,37.9,5.819942474365234,15.366016387939453
2025-07-13 14:23:06.606666,37.9,5.820171356201172,15.366016387939453
2025-07-13 14:23:07.621862,37.9,5.819969177246094,15.366016387939453
2025-07-13 14:23:08.632800,37.9,5.819934844970703,15.366016387939453
2025-07-13 14:23:09.646126,37.9,5.820091247558594,15.366016387939453
2025-07-13 14:23:10.660642,37.9,5.820018768310547,15.366016387939453
2025-07-13 14:23:11.683268,37.9,5.819744110107422,15.366016387939453
2025-07-13 14:23:12.724414,37.9,5.819545745849609,15.366016387939453
2025-07-13 14:23:13.767922,37.9,5.819660186767578,15.366016387939453
2025-07-13 14:23:14.813792,37.9,5.819713592529297,15.366016387939453
2025-07-13 14:23:15.832544,37.9,5.819549560546875,15.366016387939453
2025-07-13 14:23:16.904245,37.9,5.819236755371094,15.366016387939453
2025-07-13 14:23:17.950377,37.9,5.819263458251953,15.366016387939453
2025-07-13 14:23:18.994090,37.9,5.8195648193359375,15.366016387939453
2025-07-13 14:23:20.016903,37.9,5.819492340087891,15.366016387939453
2025-07-13 14:23:21.071831,37.9,5.819423675537109,15.366016387939453
2025-07-13 14:23:22.128540,37.9,5.8198394775390625,15.366016387939453
2025-07-13 14:23:23.166253,37.9,5.819644927978516,15.366016387939453
2025-07-13 14:23:24.211056,37.9,5.81976318359375,15.366016387939453
2025-07-13 14:23:25.268651,37.9,5.819698333740234,15.366016387939453
2025-07-13 14:23:26.314507,37.9,5.819091796875,15.366016387939453
2025-07-13 14:23:27.358702,37.9,5.818584442138672,15.366016387939453
2025-07-13 14:23:28.406574,37.9,5.818626403808594,15.366016387939453
2025-07-13 14:23:29.453135,37.9,5.818840026855469,15.366016387939453
2025-07-13 14:23:30.490131,37.9,5.819118499755859,15.366016387939453
2025-07-13 14:23:31.537788,37.9,5.819053649902344,15.366016387939453
2025-07-13 14:23:32.584189,37.9,5.819385528564453,15.366016387939453
2025-07-13 14:23:33.634007,37.9,5.819694519042969,15.366016387939453
2025-07-13 14:23:34.645145,37.9,5.819141387939453,15.366016387939453
